<?xml version="1.0" encoding="utf-8"?>
<android.support.constraint.ConstraintLayout xmlns:android="http://schemas.android.com/apk/res/android"
    xmlns:app="http://schemas.android.com/apk/res-auto"
    xmlns:tools="http://schemas.android.com/tools"
    android:layout_width="match_parent"
    android:layout_height="match_parent"
    tools:context="example.javatpoint.com.kotlinsharedpreference.MainActivity">

    <TableLayout
        android:layout_width="368dp"
        android:layout_height="495dp"
        android:layout_marginBottom="8dp"
        android:layout_marginEnd="8dp"
        android:layout_marginStart="8dp"
        android:layout_marginTop="8dp"
        app:layout_constraintBottom_toBottomOf="parent"
        app:layout_constraintEnd_toEndOf="parent"
        app:layout_constraintStart_toStartOf="parent"
        app:layout_constraintTop_toTopOf="parent">

        <TableRow>

            <TextView
                android:layout_width="wrap_content"
                android:layout_height="wrap_content"
                android:layout_column="0"
                android:layout_marginLeft="10sp"
                android:layout_marginStart="10sp"
                android:text="Enter Name"
                android:textAppearance="@style/Base.TextAppearance.AppCompat.Medium" />

            <EditText
                android:id="@+id/editName"
                android:layout_width="201dp"
                android:layout_height="wrap_content"
                android:layout_column="1"
                android:layout_marginLeft="50sp"
                android:layout_marginStart="50sp"
                android:hint="Name"
                android:textAppearance="@style/Base.TextAppearance.AppCompat.Medium" />
        </TableRow>


        <TableRow>

            <TextView
                android:layout_width="wrap_content"
                android:layout_height="wrap_content"
                android:layout_column="0"
                android:layout_marginLeft="10sp"
                android:layout_marginStart="10sp"
                android:text="Enter Age"
                android:textAppearance="@style/Base.TextAppearance.AppCompat.Medium" />

            <EditText
                android:id="@+id/editAge"
                android:layout_width="wrap_content"
                android:layout_height="wrap_content"
                android:layout_column="1"
                android:layout_marginLeft="50sp"
                android:layout_marginStart="50sp"
                android:hint="Age"
                android:textAppearance="@style/Base.TextAppearance.AppCompat.Medium" />
        </TableRow>
        <TableRow>

            <TextView
                android:layout_width="wrap_content"
                android:layout_height="wrap_content"
                android:layout_column="0"
                android:layout_marginLeft="10sp"
                android:layout_marginStart="10sp"
                android:text="Enter Gender"
                android:textAppearance="@style/Base.TextAppearance.AppCompat.Medium" />

            <EditText
                android:id="@+id/editGender"
                android:layout_width="wrap_content"
                android:layout_height="wrap_content"
                android:layout_column="1"
                android:layout_marginLeft="50sp"
                android:layout_marginStart="50sp"
                android:hint="Gender"
                android:textAppearance="@style/Base.TextAppearance.AppCompat.Medium" />
        </TableRow>
        <TableRow android:layout_marginTop="60dp">

            <TextView
                android:layout_width="wrap_content"
                android:layout_height="wrap_content"
                android:layout_column="0"
                android:layout_marginLeft="10sp"
                android:layout_marginStart="10sp"
                android:text="Your Name"
                android:textAppearance="@style/Base.TextAppearance.AppCompat.Medium" />

            <TextView
                android:id="@+id/textViewShowName"
                android:layout_width="wrap_content"
                android:layout_height="wrap_content"
                android:layout_column="1"
                android:layout_marginLeft="50sp"
                android:layout_marginStart="50sp"
                android:textAppearance="@style/Base.TextAppearance.AppCompat.Medium" />
        </TableRow>

        <TableRow android:layout_marginTop="20dp">

            <TextView
                android:layout_width="wrap_content"
                android:layout_height="wrap_content"
                android:layout_column="0"
                android:layout_marginLeft="10sp"
                android:layout_marginStart="10sp"
                android:text="Your Age"
                android:textAppearance="@style/Base.TextAppearance.AppCompat.Medium" />

            <TextView
                android:id="@+id/textViewShowAge"
                android:layout_width="wrap_content"
                android:layout_height="wrap_content"
                android:layout_column="1"
                android:layout_marginLeft="50sp"
                android:layout_marginStart="50sp"
                android:textAppearance="@style/Base.TextAppearance.AppCompat.Medium" />
        </TableRow>
        <TableRow android:layout_marginTop="60dp">

            <TextView
                android:layout_width="wrap_content"
                android:layout_height="wrap_content"
                android:layout_column="0"
                android:layout_marginLeft="10sp"
                android:layout_marginStart="10sp"
                android:text="Your Gender"
                android:textAppearance="@style/Base.TextAppearance.AppCompat.Medium" />

            <TextView
                android:id="@+id/textViewShowGender"
                android:layout_width="wrap_content"
                android:layout_height="wrap_content"
                android:layout_column="1"
                android:layout_marginLeft="50sp"
                android:layout_marginStart="50sp"
                android:textAppearance="@style/Base.TextAppearance.AppCompat.Medium" />
        </TableRow>
    </TableLayout>

    <LinearLayout
        android:layout_width="fill_parent"
        android:layout_height="wrap_content"
        android:layout_marginBottom="16dp"
        android:layout_marginEnd="8dp"
        android:layout_marginStart="8dp"
        android:orientation="horizontal"
        android:gravity="center"
        app:layout_constraintBottom_toBottomOf="parent"
        app:layout_constraintEnd_toEndOf="parent"
        app:layout_constraintHorizontal_bias="0.0"
        app:layout_constraintStart_toStartOf="parent">

        <Button
            android:id="@+id/save"
            android:layout_width="wrap_content"
            android:layout_height="wrap_content"
            android:text="Save" />

        <Button
            android:id="@+id/view"
            android:layout_width="wrap_content"
            android:layout_height="wrap_content"
            android:text="View" />

        <Button
            android:id="@+id/clear"
            android:layout_width="wrap_content"
            android:layout_height="wrap_content"
            android:text="Clear" />
    </LinearLayout>
</android.support.constraint.ConstraintLayout>
